{
    "4": {
        "1": -0.9999999999376327,
        "2": -0.9999999998960544,
        "3": 0.9999999999999999
    },
    "5": {
        "1": -0.9999999999999999,
        "2": -0.9999999999999999,
        "3": -0.9999999999999999
    },
    "8": {
        "1": -0.8999999999999998,
        "2": -0.8999999999999998,
        "3": 0.8999999999999998
    },
    "9": {
        "1": -0.8999999999999998,
        "2": -0.8999999999999998,
        "3": -0.8999999999999998
    },
    "12": {
        "1": -0.8099999999999997,
        "2": -0.8099999999999997,
        "3": 0.8099999999999997
    },
    "13": {
        "1": -0.8099999999999997,
        "2": -0.8099999999999997,
        "3": -0.8099999999999997
    },
    "16": {
        "1": -0.7289999999999996,
        "2": -0.7289999999999996,
        "3": 0.7289999999999996
    },
    "17": {
        "1": -0.7289999999999996,
        "2": -0.7289999999999996,
        "3": -0.7289999999999996
    },
    "20": {
        "1": -0.6560999999999996,
        "2": -0.6560999999999996,
        "3": 0.6560999999999996
    }
}